<?xml version="1.0" encoding="UTF-8"?>
<project-private xmlns="http://www.netbeans.org/ns/project-private/1">
    <editor-bookmarks xmlns="http://www.netbeans.org/ns/editor-bookmarks/2" lastBookmarkId="0"/>
    <open-files xmlns="http://www.netbeans.org/ns/projectui-open-files/2">
        <group>
            <file>file:/C:/Users/Dell/OneDrive/Documents/NetBeansProjects/AgeCalculator/src/GUI/AgeCalcFrame.java</file>
            <file>file:/C:/Users/Dell/OneDrive/Documents/NetBeansProjects/AgeCalculator/src/agecalculator/BirthDate.java</file>
            <file>file:/C:/Users/Dell/OneDrive/Documents/NetBeansProjects/AgeCalculator/src/GUI/AgeDifferenceFrame.java</file>
            <file>file:/C:/Users/Dell/OneDrive/Documents/NetBeansProjects/AgeCalculator/data.dat</file>
            <file>file:/C:/Users/Dell/OneDrive/Documents/NetBeansProjects/AgeCalculator/src/GUI/AppFrame.java</file>
            <file>file:/C:/Users/Dell/OneDrive/Documents/NetBeansProjects/AgeCalculator/src/console/AgeDifference.java</file>
            <file>file:/C:/Users/Dell/OneDrive/Documents/NetBeansProjects/AgeCalculator/src/agecalculator/AgeGap.java</file>
            <file>file:/C:/Users/Dell/OneDrive/Documents/NetBeansProjects/AgeCalculator/src/agecalculator/UpcomingBirthday.java</file>
            <file>file:/C:/Users/Dell/OneDrive/Documents/NetBeansProjects/AgeCalculator/src/main/Main.java</file>
            <file>file:/C:/Users/Dell/OneDrive/Documents/NetBeansProjects/AgeCalculator/src/agecalculator/CurrentDate.java</file>
            <file>file:/C:/Users/Dell/OneDrive/Documents/NetBeansProjects/AgeCalculator/src/console/ConsoleApp.java</file>
            <file>file:/C:/Users/Dell/OneDrive/Documents/NetBeansProjects/AgeCalculator/src/agecalculator/LifeTime.java</file>
            <file>file:/C:/Users/Dell/OneDrive/Documents/NetBeansProjects/AgeCalculator/src/console/AgeCalculator.java</file>
        </group>
    </open-files>
</project-private>
